이미지 파일,아우터,아우터 색깔,상의 ,상의 색깔,하의,하의 색깔,원피스,원피스 색깔
18219.jpg,,,long tee,darkgray,chinos,brown,,
18220.jpg,,,sweater,blue,chinos,black,,
18221.jpg,cardigan,white,,,short skirt,darkgray,,
18222.jpg,leather,black,,,short skirt,purple,,
18223.jpg,blazer,beige,,,long skirt,black,,
18224.jpg,blazer,brown,,,,,short dress,black
18225.jpg,bomber,purple,,,chinos,black,,
18226.jpg,blazer,brown,long tee,white,short skirt,brown,,
18227.jpg,,,sweater,blue,short skirt,,,
18228.jpg,,,long tee,pink,short skirt,black,,
18229.jpg,bomber,olive,long tee,brown,chinos,black,,
18230.jpg,blazer,navy,long tee,darkgray,sweat pants,darkgray,,
18231.jpg,blazer,green,long tee,darkgray,chinos,black,,
18232.jpg,cardigan,,long tee,darkgray,chinos,black,,
18233.jpg,cardigan,,long shirt,lightgray,chinos,olive,,
18234.jpg,bomber,darkgray,long tee,pink,jeans,darkgray,,
18235.jpg,blazer,beige,long tee,,jeans,jean,,
18236.jpg,vest,green,long tee,light gray,chinos,green,,
18237.jpg,cardigan,orange,,,sweatpants,orange,,
18238.jpg,,,sweater,,chinos,black,,
18239.jpg,blazer,brown,sweater,beige,short skirt,brown,,
18240.jpg,cardigan,yellow,,,chinos,white,,
18241.jpg,blazer,black,long tee,black,short skirt,,,
18242.jpg,blazer,brown,,,chinos,brown,,
18243.jpg,,,long tee,black,short skirt,darkgray,,
18244.jpg,,,sweater,black,,,,
18245.jpg,blazer,brown,,,short skirt,brown,,
18246.jpg,leather,black,,,chinos,black,,
18247.jpg,,,sweater,white,short skirt,purple,,
18248.jpg,,,long tee,,chinos,black,,
18249.jpg,,,long tee,navy,chinos,,,
18250.jpg,,,,,chinos,navy,,
18251.jpg,,,long tee ,white,chinos,white,,
18252.jpg,bomber,navy,long tee,navy,chinos,white,,
18253.jpg,blazer,darkgray,long tee,black,chinos,beige,,
18254.jpg,blazer,green,long tee,red,jeans,darkjean,,
18255.jpg,leather,black,long shirt,blue,jeans,jean,,
18256.jpg,coat fur,beige,,,chinos,navy,,
18257.jpg,blazer,beige,,,chinos,darkgray,,
18258.jpg,coat fur,white,,,,,,
18259.jpg,parka,darkgray,,,jeans,lightjean,,
18260.jpg,bomber,black,long tee,black,sweat pants,lightgray,,
18261.jpg,blazer,,,,chinos,brown,,
18262.jpg,blazer,darkgray,long tee,darkgray,chinos,beige,,
18263.jpg,bomber,black,,,chinos,black,,
18264.jpg,leather,green,,,short skirt,black,,
18265.jpg,blazer,white,long tee,white,chinos,brown,,
18266.jpg,blazer,darkgray,long tee,white,short skirt,purple,,
18267.jpg,blazer,beige,,,,,short dress,brown
18268.jpg,trench coat,darkgray,turtleneck,blue,chinos,black,,
18269.jpg,coat fur,black,long tee,blue,sweat pants,darkgray,,
18270.jpg,blazer,black,long tee,black,short skirt,darkgray,,
18271.jpg,,,long tee,black,short skirt,black,,
18272.jpg,parka,darkgray,,,short skirt,black,,
18273.jpg,blazer,brown,long tee,white,chinos,olive,,
18274.jpg,coat fur,white,long tee,black,short skirt,,,
18275.jpg,leather,black,,,jeans,lightjean,,
18276.jpg,bomber,brown,long tee,darkgray,short skirt,darkgray,,
18277.jpg,blazer,purple,long tee,white,jeans,black,,
18278.jpg,blazer,brown,turtleneck,green,short skirt,brown,,
18279.jpg,leather,black,long tee,black,short skirt,purple,,
18280.jpg,blazer,darkgray,,,short skirt,darkgray,,
18281.jpg,blazer,darkgray,sweater,green,jeans,darkgray,,
18282.jpg,cardigan,beige,,,jeans,lightjean,long dress,
18283.jpg,coat fur,white,long tee,darkgray,short skirt,black,,
18284.jpg,leather,red,long tee,white,chinos,black,,
18285.jpg,parka,olive,long tee,olive,chinos,white,,
18286.jpg,leather,black,long tee,lightgray,chinos,black,,
18287.jpg,blazer,lightgray,long tee,darkgray,jeans,jean,,
18288.jpg,leather,brown,,,chinos,darkgray,,
18289.jpg,leather,blue,long tee,black,chinos,black,,
18290.jpg,blazer,darkgray,,,jeans,jean,,
18291.jpg,coat,brown,,,jeans,darkjean,,
18292.jpg,blazer,blue,,,chinos,lightgray,,
18293.jpg,leather,black,long shirt,white,chinos,beige,,
18294.jpg,leather,black,long tee,black,chinos,olive,,
18295.jpg,blazer,beige,long tee,blue,jeans,darkjean,,
18296.jpg,tranch coat,darkgray,turtleneck ,beige,chinos,black,,
18297.jpg,coat fur,beige,long tee,white,sweat pants,lightgray,,
18298.jpg,coat,black,long tee,white,chinos,black,,
18299.jpg,coat,brown,long tee,navy,chinos,darkgray,,
18300.jpg,blazer,beige,long tee,black,chinos,black,,
18301.jpg,leather,black,sweater,orange,chinos,lightgray,,
18302.jpg,leather,olive,turtleneck ,beige,chinos,lightgray,,
18303.jpg,blazer,darkgray,long tee,olive,jeans,jean,,
18304.jpg,trench coat,beige,,,chinos,white,,
18305.jpg,,,long tee,green,chinos,darkgray,,
18306.jpg,,,short tee,red,chinos,black,,
18307.jpg,trench coat,darkgray,long tee,white,jeans,jean,,
18308.jpg,,,long tee,white,sweat pants,black,,
18309.jpg,blazer,beige,long tee,blue,chinos,black,,
18310.jpg,blazer,black,long tee,darkgray,jeans,jean,,
18311.jpg,parka,beige,long tee,black,chinos,olive,,
18312.jpg,coat fur,darkgray,,,jeans,jean,,
18313.jpg,blazer,darkgray,,,jeans,darkjean,,
18314.jpg,leather,black,long tee,black,chinos,lightgray,,
18315.jpg,trench coat,olive,long tee,white,short skirt,,,
18316.jpg,blazer,black,long shirt,black,short skirt,brown,,
18317.jpg,coat,black,,,long skirt,brown,,
18318.jpg,coat,black,,,short skirt,black,,
18319.jpg,trench coat,black,,,long skirt,beige,,
18320.jpg,coat,brown,long blouse,white,short skirt,black,,
18321.jpg,trench coat,beige,long tee,lightgray,,,,
18322.jpg,coat,olive,,,,,short dress,
18323.jpg,coat,olive,long tee,black,chinos,black,,
18324.jpg,leather,red,long tee,white,long skirt,,,
18325.jpg,parka,black,long tee,pink,sweatpants,darkgray,,
18326.jpg,coat fur,black,sweater,,jeans,lightjean,,
18327.jpg,blazer,brown,long tee,white,chinos,black,,
18328.jpg,cardigan,black,long shirt,white,short skirt,,,
18329.jpg,bomber,,long blouse,black,sweatpants,black,,
18330.jpg,blazer,lightgray,long tee,black,chinos,brown,,
18331.jpg,bomber,yellow,long tee,,short skirt,black,,
18332.jpg,trench coat,purple,,,,,,
18333.jpg,parka,black,long tee,lightgray,chinos,white,,
18334.jpg,trench coat,beige,long tee,black,long skirt,blue,,
18335.jpg,blazer,beige,,,jeans,darkjean,,
18336.jpg,leather,blue,long tee,,sweatpants,black,,
18337.jpg,leather,black,sweater,,,,,
18338.jpg,leather,black,sweater,pink,sweatpants,white,,
18339.jpg,blazer,brown,long tee,black,jeans,jean,,
18340.jpg,leather,black,long tee,white,long skirt,black,,
18341.jpg,blazer,darkgray,long shirt,white,jeans,darkjean,,
18342.jpg,bomber,,,,sweatpants,black,,
18343.jpg,coat,brown,long blouse,blue,short skirt,,,
18344.jpg,coat,darkgray,turtleneck,white,long skirt,,,
18345.jpg,bomber,black,sweater,yellow,sweatpants,black,,
18346.jpg,cardigan,black,long tee,purple,short skirt,black,,
18347.jpg,blazer,white,sweater,white,long skirt,,,
18348.jpg,coat fur,black,long tee,,sweatpants,green,,
18349.jpg,leather,black,,,long skirt,red,,
18351.jpg,leather,black,long tee,black,jeans,black,,
18352.jpg,coat,,long tee,black,short skirt,black,,
18353.jpg,coat,black,long tee,brown,long skirt,lightgray,,
18354.jpg,coat fur,,long tee,black,leggings,black,,
18355.jpg,leather,darkgray,long tee,,sweatpants,darkgray,,
18356.jpg,coat,darkgray,,,,,,
18357.jpg,leather,olive,long tee,black,sweatpants,,,
18358.jpg,,,long tee,,sweatpants,white,,
18359.jpg,cardigan,orange,long shirt,,chinos,,,
18360.jpg,coat,navy,,,jeans,darkjean,,
18361.jpg,leather,black,turtleneck,lightgray,chinos,darkgray,,
18362.jpg,coat fur,white,,,sweatpants,,,
18363.jpg,leather,black,long tee,black,chinos,yellow,,
18364.jpg,leather,black,,,chinos,brown,,
18365.jpg,leather,brown,turtleneck,darkgray,jeans,darkjean,,
18366.jpg,trench coat,lightgray,long tee,beige,jeans,lightjean,,
18367.jpg,coat,black,long tee,beige,chinos,lightgray,,
18368.jpg,blazer,brown,,,chinos,black,,
18369.jpg,cardigan,beige,long shirt,white,chinos,,,
18370.jpg,,,long tee,,jeans,jean,,
18371.jpg,coat fur,,long shirt,black,short skirt,black,,
18372.jpg,,,sweater,pink,short skirt,black,,
18373.jpg,coat fur,beige,long tee,darkgray,short skirt,,,
18374.jpg,coat fur,pink,,,short skirt,,,
18375.jpg,coat fur,blue,long tee,black,chinos,darkgray,,
18377.jpg,blazer,brown,long tee,white,short skirt,black,,
18378.jpg,cardigan,black,long tee,white,long skirt,,,
18379.jpg,blazer,brown,,,,,long dress,black
18380.jpg,coat fur,beige,,,sweatpants,,,
18381.jpg,leather,black,long tee,pink,chinos,black,,
18382.jpg,blazer,black,turtleneck,brown,short skirt,beige,,
18383.jpg,leather,black,long tee,,sweatpants,lightgray,,
18384.jpg,,,,,,,short dress,black
18385.jpg,,,long tee,brown,short skirt,purple,,
18386.jpg,coat,black,,,chinos,brown,,
18387.jpg,coat,beige,,,chinos,black,,
18388.jpg,parka,olive,long tee,black,sweatpants,,,
18389.jpg,coat,lightgray,long tee,white,chinos,,,
18390.jpg,blazer,darkgray,long tee,pink,chinos,brown,,
18391.jpg,coat,navy,long tee,orange,chinos,,,
18392.jpg,blazer,darkgray,turtleneck,black,chinos,lightgray,,
18393.jpg,coat,black,long tee,blue,chinos,black,,
18394.jpg,,,long tee,navy,chinos,black,,
18395.jpg,coat,brown,long tee,lightgray,chinos,brown,,
18396.jpg,leather,black,,,chinos,darkgray,,
18397.jpg,coat,brown,,,chinos,white,,
18398.jpg,blazer,beige,,,chinos,lightgray,,
18399.jpg,leather,black,,,chinos,red,,
18400.jpg,coat,white,,,,,,
18401.jpg,bomber,brown,long tee,,sweatpants,brown,,
18402.jpg,blazer,brown,,,jeans,darkjean,,
18403.jpg,leather,red,long tee,lightgray,chinos,,,
18404.jpg,,,long tee,darkgray,shorts,black,,
18405.jpg,leather,black,long tee,,short skirt,black,,
18406.jpg,bomber,white,,,,,long dress,black
18407.jpg,leather,black,turtleneck,mint,short skirt,,,
18408.jpg,,,,,short skirt,black,,
18409.jpg,blazer,beige,long shirt,,short skirt,black,,
18410.jpg,blazer,black,,,chinos,black,,
18411.jpg,coat,mustard,long tee,darkgray,long skirt,black,,
18412.jpg,trench coat,olive,,,short skirt,darkgray,,
18413.jpg,,,sweater,white,sweatpants,green,,
18414.jpg,trench coat,white,long tee,,jeans,lightjean,,
18415.jpg,coat fur,beige,long shirt,white,jeans,lightjean,,
18416.jpg,blazer,,long tee,beige,chinos,brown,,
18417.jpg,blazer,black,long tee,black,sweatpants,blue,,
18418.jpg,trench coat,olive,long tee,olive,chinos,brown,,
18419.jpg,coat,brown,long tee,darkgray,jeans,darkjean,,
18420.jpg,trench coat,black,long shirt,darkgray,jeans,black,,
18421.jpg,trench coat,brown,,,chinos,brown,,
18422.jpg,trench coat,navy,long tee,white,jeans,jean,,
18423.jpg,trench coat,black,sweater,pink,chinos,black,,
18424.jpg,bomber,lightgray,long tee,beige,sweatpants,brown,,
18425.jpg,bomber,yellow,,,chinos,olive,,
18426.jpg,bomber,black,long tee,darkgray,sweatpants,lightgray,,
18427.jpg,,,turtleneck,orange,chinos,black,,
18428.jpg,bomber,darkgray,,,sweatpants,darkgray,,
18429.jpg,blazer,darkgray,,,chinos,white,,
18430.jpg,trench coat,olive,long tee,darkgray,jeans,jean,,
18431.jpg,bomber,brown,long tee,beige,long skirt,blue,,
18432.jpg,coat fur,orange,,,long skirt,navy,,
18433.jpg,blazer,black,turtleneck,pink,long skirt,darkgray,,
18434.jpg,cardigan,navy,long shirt,lightgray,short skirt,navy,,
18435.jpg,blazer,black,long tee,purple,short skirt,purple,,
18436.jpg,blazer,black,sweater,orange,short skirt,darkgray,,
18437.jpg,bomber,mint,sweater,black,short skirt,lightgray,,
18438.jpg,coat fur,olive,,,sweatpants,brown,,
18439.jpg,coat,olive,,,short skirt,beige,,
18440.jpg,coat,darkgray,,,jeans,jean,,
18441.jpg,cardigan,mint,long tee,navy,chinos,brown,,
18442.jpg,,,long tee,darkgray,sweatpants,black,,
18443.jpg,coat fur,black,long tee,,long skirt,olive,,
18444.jpg,bomber,black,,,short skirt,black,,
18445.jpg,bomber,purple,long tee,lightgray,short skirt,purple,,
18446.jpg,coat,black,turtleneck,green,chinos,navy,,
18447.jpg,coat,darkgray,long tee,white,chinos,darkgray,,
18448.jpg,trench coat,darkgray,,,chinos,lightgray,,
18449.jpg,coat,black,long shirt,purple,chinos,black,,
18450.jpg,bomber,black,,,jeans,darkjean,,
18451.jpg,coat,brown,turtleneck,white,chinos,darkgray,,
18452.jpg,leather,black,,,chinos,black,,
18453.jpg,parka,yellow,long tee,,sweatpants,black,,
18454.jpg,leather,black,long tee,red,sweatpants,darkgray,,
18455.jpg,coat,lightgray,turtleneck,,chinos,beige,,
18456.jpg,coat,beige,long tee,olive,chinos,white,,
18457.jpg,leather,balck,,,chinos,darkgray,,
18458.jpg,coat,black,long tee,darkgray,sweatpants,orange,,
18459.jpg,parka,darkgray,,,chinos,lightgray,,
18460.jpg,vest,darkgray,,,chinos,black,,
18461.jpg,trench coat,black,long shirt,orange,jeans,lightjean,,
18462.jpg,trench coat,brown,turtleneck,red,short skirt,darkgray,,
18463.jpg,trench coat,brown,,,sweatpants,darkgray,,
18464.jpg,trench coat,beige,,,short skirt,purple,,
18465.jpg,bomber,olive,long tee,darkgray,sweatpants,darkgray,,
18466.jpg,coat,black,long tee,black,long skirt,lightgray,,
18467.jpg,bomber,lightgray,long shirt,brown,short skirt,black,,
18468.jpg,,,,,short skirt,black,,
18469.jpg,coat fur,black,turtleneck,green,,,short dress,black
18470.jpg,coat,darkgray,long tee,black,chinos,black,,
18471.jpg,coat,lightgray,long tee,blue,chinos,brown,,
18472.jpg,coat,beige,,,jeans,jean,,
18473.jpg,coat,olive,long tee,yellow,short skirt,beige,,
18474.jpg,blazer,black,,,chinos,lightgray,,
18475.jpg,trench coat,brown,long tee,orange,sweatpants,orange,,
18476.jpg,coat,navy,turtleneck,,chinos,lightgray,,
18477.jpg,blazer,black,long tee,beige,chinos,black,,
18478.jpg,blazer,black,turtleneck,lightgray,chinos,black,,
18479.jpg,leather,black,long tee,darkgray,sweatpants,darkgray,,
18480.jpg,bomber,black,long tee,brown,jeans,jean,,
18481.jpg,parka,lightgray,long tee,,chinos,black,,
18482.jpg,parka,olive,,,chinos,brown,,
18483.jpg,parka,black,sweater,darkgray,chinos,black,,
18484.jpg,coat,brown,,,chinos,black,,
18485.jpg,coat,black,,,chinos,black,,
18486.jpg,coat,brown,,,chinos,lightgray,,
18487.jpg,coat,black,,,chinos,black,,
18488.jpg,leather,black,,,jeans,darkjean,,
18489.jpg,blazer,black,long tee,darkgray,chinos,black,,
18490.jpg,blazer,brown,sweater,beige,jeans,jean,,
18491.jpg,,,long tee,black,sweatpants,olive,,
18492.jpg,blazer,black,long tee,orange,short skirt,black,,
18493.jpg,blazer,,long tee,brown,chinos,lightgray,,
18494.jpg,leather,black,,,,,short dress,blue
18495.jpg,coat,black,,,jeans,darkgray,,
18496.jpg,blazer,lightgray,,,short skirt,yellow,,
18497.jpg,vest,lightgray,long tee,lightgray,jeans,jean,,
18498.jpg,coat,darkgray,,,short skirt,lightgray,,
18499.jpg,trench coat,navy,long tee,lightgray,short skirt,beige,,
18500.jpg,parka,olive,,,chinos,darkgray,,
18501.jpg,coat fur,lightgray,,,short skirt,lightgray,,
18502.jpg,,,long tee,black,,,,
18503.jpg,blazer,beige,long shirt,white,jeans,lightjean,,
18504.jpg,blazer,darkgray,,,long skirt,red,,
18505.jpg,coat fur,lightgray,,,sweatpants,darkgray,,
18521.jpg,coat fur,black,,,jeans,jean,,
18522.jpg,parka,darkgray,long tee,purple,chinos,lightgray,,
18523.jpg,trench coat,black,long tee,darkgray,short skirt,pink,,
18524.jpg,coat fur,blue,long tee,beige,sweatpants,darkgray,,
18525.jpg,blazer,lightgray,sweater,white,long skirt,beige,,
18526.jpg,coat,darkgray,,,chinos,black,,
18527.jpg,coat,blue,,,short skirt,brown,,
18528.jpg,coat,black,long tee,lightgray,chinos,darkgray,,
18529.jpg,coat fur,brown,long shirt,lightgray,jeans,jean,,
18530.jpg,blazer,beige,long tee,navy,chinos,black,,
18531.jpg,coat,pink,sweater,black,short skirt,lightgray,,
18532.jpg,parka,purple,long tee,darkgray,short skirt,darkgray,,
18533.jpg,coat fur,brown,long tee,green,long skirt,lightgray,,
18534.jpg,coat fur,blue,,,chinos,black,,
18535.jpg,,,,,short skirt,purple,,
